gender,name
M,Robert De Niro
M,Jack Nicholson
?,Tom Hanks
M,Marlon Brando
M,Leonardo DiCaprio
M,Humphrey Bogart
M,Johnny Depp
M,Al Pacino
M,Denzel Washington
M,Laurence Olivier
M,Brad Pitt
M,Daniel Day-Lewis
M,Tom Cruise
M,Cary Grant
M,Dustin Hoffman
M,Clark Gable
M,Sean Penn
M,Christian Bale
M,Gregory Peck
M,Sidney Poitier
M,Harrison Ford
M,Spencer Tracy
M,George Clooney
M,Charlton Heston
M,Morgan Freeman
F,Katharine Hepburn
F,Meryl Streep
F,Ingrid Bergman
F,Marilyn Monroe
F,Jennifer Lawrence
F,Kate Winslet
F,Elizabeth Taylor
F,Cate Blanchett
F,Audrey Hepburn
F,Helen Mirren
F,Bette Davis
F,Viola Davis
F,Nicole Kidman
?,Sandra Bullock
F,Natalie Portman
F,Jodie Foster
F,Judi Dench
F,Amy Adams
F,Julia Roberts
F,Diane Keaton
F,Grace Kelly
F,Shirley MacLaine
F,Reese Witherspoon
F,Charlize Theron
F,Judy Garland
M,John Wayne
M,Paul Newman
M,Anthony Hopkins
M,Matt Damon
M,Russell Crowe
M,Robert Duvall
M,James Dean
M,Kirk Douglas
M,Henry Fonda
M,Robin Williams
M,Orson Welles
M,Christoph Waltz
M,Heath Ledger
M,Sean Connery
M,Kevin Spacey
M,Gene Hackman
M,Liam Neeson
M,Edward Norton
M,Bruce Willis
M,Gary Cooper
M,Philip Seymour Hoffman
M,Robert Redford
M,Ralph Fiennes
?,Will Smith
M,Steve McQueen
F,Vivien Leigh
F,Angelina Jolie
F,Anne Hathaway
F,Maggie Smith
F,Olivia de Havilland
F,Barbara Stanwyck
F,Joan Fontaine
F,Greer Garson
F,Faye Dunaway
F,Susan Hayward
F,Ellen Burstyn
F,Jane Wyman
F,Sophia Loren
F,Joan Crawford
F,Kathy Bates
F,Julie Andrews
F,Marion Cotillard
F,Deborah Kerr
F,Sissy Spacek
F,Susan Sarandon
F,Luise Rainer
F,Glenn Close
F,Jane Fonda
?,Doris Day
F,Natalie Wood
M,Jeff Bridges
M,Chiwetel Ejiofor
M,Ben Kingsley
M,Tommy Lee Jones
M,Samuel L. Jackson
M,Jack Lemmon
M,Joe Pesci
M,Christopher Plummer
M,George C. Scott
M,Joaquin Phoenix
M,Christopher Walken
M,John Travolta
M,James Stewart
M,Matthew McConaughey
M,Peter O'Toole
M,James Cagney
M,Ian McKellen
M,John Cusack
M,Bill Murray
M,Robert Downey Jr.
M,Nicolas Cage
M,Gene Wilder
M,Kevin Costner
M,Donald Sutherland
M,Bruce Dern
F,Ava Gardner
F,Sally Field
F,Emma Thompson
F,Greta Garbo
F,Holly Hunter
F,Hilary Swank
F,Claudette Colbert
F,Diane Lane
F,Jessica Lange
F,Gloria Swanson
F,Lauren Bacall
F,Frances McDormand
F,Norma Shearer
?,Bette Midler
F,Mary Tyler Moore
F,Anna Magnani
F,Halle Berry
F,Sharon Stone
F,Kim Basinger
F,Glenda Jackson
F,Donna Reed
F,Geena Davis
F,Demi Moore
F,Michelle Pfeiffer
?,Liza Minnelli
?,Charles Chaplin
M,Peter Sellers
?,Woody Allen
M,Jon Voight
M,Mel Gibson
M,Jim Carrey
?,Mark Wahlberg
?,Steve Martin
M,Javier Bardem
M,Tim Robbins
M,Arnold Schwarzenegger
M,Sylvester Stallone
M,Viggo Mortensen
M,Hugo Weaving
M,Christopher Lee
M,Geoffrey Rush
M,Alec Guinness
M,Richard Burton
M,Alec Baldwin
M,James Caan
M,Michael Douglas
?,Ben Stiller
M,Willem Dafoe
M,Ed Harris
M,Harvey Keitel
?,Drew Barrymore
F,Winona Ryder
F,Kathleen Turner
F,Uma Thurman
F,Hattie McDaniel
F,Rene Russo
F,Annette Bening
F,Sigourney Weaver
?,Barbra Streisand
F,Raquel Welch
F,Joanne Woodward
F,Shirley Booth
F,Mercedes McCambridge
F,Anjelica Huston
F,Dianne Wiest
F,Goldie Hawn
F,Judy Davis
F,Claudia Cardinale
F,Gwyneth Paltrow
F,Julianne Moore
F,Debra Winger
F,Christina Ricci
F,Juliette Binoche
F,Daryl Hannah
F,Whoopi Goldberg
M,Benicio Del Toro
M,Kevin Bacon
M,Patrick Swayze
M,Michael Caine
M,Clint Eastwood
M,Burt Lancaster
M,Robert Mitchum
M,Colin Farrell
M,William Holden
M,Edward G. Robinson
M,William Powell
M,Errol Flynn
M,Groucho Marx
M,James Mason
M,Buster Keaton
M,Gene Kelly
M,Fred Astaire
M,Bradley Cooper
M,Jude Law
M,Robert Pattinson
M,Paul Giamatti
M,Forest Whitaker
M,Jared Leto
M,Jonah Hill
M,Michael Fassbender
F,Carol Burnett
F,Jessica Tandy
F,Helen Hunt
F,Patricia Arquette
F,Carmen Miranda
F,Kate Hudson
F,Catherine Zeta-Jones
F,Cameron Diaz
F,Debbie Reynolds
F,Rita Hayworth
F,Maureen O'Hara
F,Myrna Loy
F,Lena Headey
F,Toni Collette
F,Laura Linney
?,Marlene Dietrich
F,Carole Lombard
F,Jean Arthur
F,Jean Harlow
F,Ginger Rogers
F,Mary Pickford
F,Mae West
F,Gillian Anderson
F,Emma Watson
F,Meg Ryan
M,Alan Arkin
M,Benedict Cumberbatch
M,Chris Hemsworth
M,Henry Cavill
M,Tom Hardy
M,Jean Dujardin
M,Colin Firth
M,Jamie Foxx
M,Adrien Brody
M,Roberto Benigni
M,Jeremy Irons
M,William Hurt
M,F. Murray Abraham
M,Richard Dreyfuss
M,Peter Finch
M,Art Carney
M,Cliff Robertson
M,Rod Steiger
M,Chris Pratt
M,Lee Marvin
M,Rex Harrison
M,Maximilian Schell
M,David Niven
M,Yul Brynner
M,Ernest Borgnine
F,Chloë Grace Moretz
F,Anna Kendrick
F,Emily Watson
F,Helena Bonham Carter
F,Keira Knightley
F,Alexis Thorpe
F,Marion Davies
F,Scarlett Johansson
F,Dakota Fanning
F,Jennifer Aniston
F,Jennifer Connelly
F,Rachel McAdams
F,Carey Mulligan
F,Mila Kunis
F,Amanda Seyfried
F,Jennifer Lopez
F,Neve Campbell
F,Fairuza Balk
F,Jessica Alba
F,Kristen Stewart
F,Julie Walters
F,Rooney Mara
F,Jamie Lee Curtis
F,Emma Stone
F,Kirsten Dunst
M,José Ferrer
M,Broderick Crawford
M,Ronald Colman
M,Fredric March
M,Ray Milland
M,Bing Crosby
M,Paul Lukas
M,Robert Donat
M,Paul Muni
M,Victor McLaglen
M,Charles Laughton
M,Wallace Beery
M,Kurt Russell
M,Lionel Barrymore
M,Jeff Goldblum
M,Warner Baxter
M,Emil Jannings
M,Chris Cooper
M,Jim Broadbent
M,James Coburn
M,Cuba Gooding Jr.
M,Martin Landau
M,Jack Palance
M,Kevin Kline
M,Don Ameche
F,Kate Beckinsale
F,Zooey Deschanel
F,Michelle Williams
F,Milla Jovovich
F,Selena Gomez
F,Rachel Weisz
F,Kristen Bell
F,Katherine Heigl
F,Liv Tyler
F,Jessica Chastain
F,Megan Fox
F,Betty White
F,Geraldine Page
F,Eliza Dushku
F,Robin Wright
F,Leighton Meester
F,Jennifer Jones
F,Shirley Temple
F,Julia Louis-Dreyfus
F,Olivia Thirlby
F,Cher
F,Penélope Cruz
F,Louise Fletcher
F,Julie Christie
F,Patricia Neal
M,Haing S. Ngor
M,Louis Gossett Jr.
M,John Gielgud
M,Timothy Hutton
M,Melvyn Douglas
M,Jason Robards
M,George Burns
M,John Houseman
M,Ethan Hawke
M,Ben Johnson
M,John Mills
M,Gig Young
M,Jack Albertson
M,George Kennedy
M,Walter Matthau
M,Martin Balsam
M,Peter Ustinov
M,Ed Begley
M,George Chakiris
M,Hugh Griffith
M,Burl Ives
M,Red Buttons
M,Anthony Quinn
M,Edmond O'Brien
M,Frank Sinatra
F,Anne Bancroft
F,Kim Novak
F,Simone Signoret
F,Ellen Page
F,Angela Lansbury
F,Judy Holliday
F,Loretta Young
F,Shirley Jones
F,Vera Farmiga
F,Helen Hayes
F,Marie Dressler
F,Janet Gaynor
F,Lupita Nyong'o
F,Octavia Spencer
F,Melissa Leo
F,Mo'Nique
F,Marlee Matlin
F,Tilda Swinton
?,Jennifer Hudson
F,Renée Zellweger
F,Marcia Gay Harden
F,Anna Paquin
F,Marisa Tomei
F,Mercedes Ruehl
F,Brenda Fricker
M,Jean Reno
M,George Sanders
M,Dean Jagger
M,Walter Huston
M,Edmund Gwenn
M,Harold Russell
M,Hugh Grant
M,Barry Fitzgerald
M,Charles Coburn
M,Van Heflin
M,Donald Crisp
M,Thomas Mitchell
M,Walter Brennan
M,Joseph Schildkraut
M,Keanu Reeves
M,Channing Tatum
M,Hugh Jackman
M,Dwayne Johnson
M,Adam Sandler
M,Daniel Radcliffe
M,Daniel Craig
M,Ryan Gosling
M,Vin Diesel
?,Ben Affleck
M,Chris Pine
F,Olympia Dukakis
F,Peggy Ashcroft
F,Linda Hunt
F,Maureen Stapleton
F,Mary Steenburgen
F,Beatrice Straight
F,Vanessa Redgrave
F,Lee Grant
F,Eileen Heckart
F,Cloris Leachman
F,Ruth Gordon
F,Estelle Parsons
F,Sandy Dennis
F,Shelley Winters
F,Maggie Gyllenhaal
F,Katie Holmes
F,Patty Duke
F,Rita Moreno
F,Wendy Hiller
F,Miyoshi Umeki
F,Dorothy Malone
F,Jo Van Fleet
F,Eva Marie Saint
F,Gloria Grahame
F,Kim Hunter
M,Andrew Garfield
M,Jeremy Renner
M,Steve Carell
M,Jake Gyllenhaal
M,Chris Evans
M,James Franco
M,Zach Galifianakis
M,Will Ferrell
M,Shia LaBeouf
M,Seth Rogen
M,Joseph Gordon-Levitt
M,Ryan Reynolds
M,Paul Rudd
M,Jason Segel
M,Jason Statham
?,Justin Timberlake
M,Dick Van Dyke
M,Zac Efron
M,Jesse Eisenberg
M,Owen Wilson
M,Jason Bateman
?,Tyler Perry
M,Liam Hemsworth
M,William Shatner
M,Shah Rukh Khan
F,Thora Birch
F,Claire Trevor
F,Celeste Holm
F,Anne Baxter
F,Queen Latifah
F,Ethel Barrymore
F,Rosario Dawson
F,Teresa Wright
F,Mary Astor
F,Jane Darwell
F,Alicia Vikander
F,Mia Wasikowska
F,Abigail Breslin
F,Gale Sondergaard
F,Melissa McCarthy
?,Tina Fey
F,Zoe Saldana
F,Elisabeth Moss
F,Adrianne Palicki
F,Jennifer Garner
F,Kristen Wiig
F,June Squibb
F,Sally Hawkins
F,Kaley Cuoco
F,Naomi Watts
M,Josh Hutcherson
M,Charlie Hunnam
M,Nicholas Hoult
M,Aaron Taylor-Johnson
M,Bryan Cranston
M,Gerard Butler
M,Paul Walker
M,Karl Urban
M,Logan Lerman
M,Dave Franco
M,Tom Hiddleston
M,Peter Dinklage
M,Taylor Kitsch
M,Alex Pettyfer
M,Guy Pearce
M,Mark Ruffalo
M,Mickey Rourke
M,Frank Langella
M,Eddie Redmayne
M,David Strathairn
M,Terrence Howard
M,Don Cheadle
M,Tom Wilkinson
M,Richard Farnsworth
M,Nick Nolte
F,AnnaSophia Robb
F,Gemma Arterton
F,Olivia Wilde
F,Isla Fisher
F,Shailene Woodley
F,Rebel Wilson
F,Emma Roberts
F,Amber Heard
F,Teresa Palmer
F,Saoirse Ronan
F,Elizabeth Banks
F,Ida Lupino
F,Natalie Dormer
F,Brittany Snow
F,Kate Mara
F,Julianne Hough
F,Lily Collins
F,Cobie Smulders
F,Alice Eve
F,Jamie Chung
F,Noomi Rapace
F,Blake Lively
F,Maggie Grace
F,Jessica Biel
F,Eva Green
M,Peter Fonda
M,Woody Harrelson
M,Billy Bob Thornton
M,Idris Elba
M,Nigel Hawthorne
M,Laurence Fishburne
M,Stephen Rea
M,Warren Beatty
M,Gérard Depardieu
M,Richard Harris
M,Kenneth Branagh
M,Edward James Olmos
M,Max von Sydow
M,Marcello Mastroianni
M,Bob Hoskins
M,James Woods
M,John Hawkes
M,James Garner
M,Sam Waterston
M,Tom Hulce
M,Albert Finney
M,Tom Conti
M,Tom Courtenay
M,Dudley Moore
M,John Hurt
F,Kat Dennings
F,Priyanka Chopra
F,Emmanuelle Riva
?,Greta Gerwig
F,Brie Larson
F,Jessica Lucas
F,Liv Ullmann
F,Maria Falconetti
F,Setsuko Hara
F,Rosalind Russell
F,Linda Fiorentino
F,Gabourey Sidibe
F,Catherine Deneuve
F,Mia Farrow
F,Audrey Tautou
F,Jeanne Moreau
F,Isabelle Huppert
F,Gena Rowlands
F,Lesley Manville
F,Elizabeth Olsen
F,Nastassja Kinski
F,Mélanie Laurent
?,Whitney Houston
F,Felicity Huffman
F,Imelda Staunton
M,Oscar Isaac
M,Jon Heder
M,Miles Teller
M,Daniel Brühl
M,James Gandolfini
M,Michael B. Jordan
M,Anthony Perkins
M,David Thewlis
M,Klaus Kinski
M,Malcolm McDowell
M,Ray Winstone
M,Jean-Paul Belmondo
M,Andy Serkis
M,Matthew Broderick
M,Dennis Hopper
M,Michael Rooker
M,Vincent Gallo
M,Toshirô Mifune
M,Vincent Cassel
M,J.K. Simmons
M,Boris Karloff
M,Peter Lorre
M,Antonio Banderas
M,Paddy Considine
M,Ryan Phillippe
F,Kerry Washington
F,Carrie-Anne Moss
F,Janet Leigh
F,Catalina Sandino Moreno
F,Samantha Morton
F,Keisha Castle-Hughes
F,Salma Hayek
F,Joan Allen
F,Janet McTeer
F,Fernanda Montenegro
F,Kristin Scott Thomas
F,Brenda Blethyn
F,Elisabeth Shue
F,Miranda Richardson
F,Stockard Channing
F,Angela Bassett
F,Mary McDonnell
F,Lucille Ball
F,Laura Dern
F,Pauline Collins
F,Isabelle Adjani
F,Melanie Griffith
F,Sally Kirkland
F,Jane Alexander
F,Marsha Mason
M,Freddie Highmore
M,Michael J. Fox
M,Eddie Murphy
M,Yun-Fat Chow
?,Seth MacFarlane
M,Bruce Lee
M,Jet Li
M,Chuck Norris
M,Jean-Claude Van Damme
M,Sam Rockwell
M,Takashi Shimura
M,Richard E. Grant
M,Leslie Nielsen
M,Simon Pegg
M,John Malkovich
M,Michael Shannon
M,Martin Sheen
M,Christopher Guest
M,Alan Rickman
M,Jackie Earle Haley
M,Montgomery Clift
M,James Spader
M,Eric Bana
M,Romain Duris
M,Robert Shaw
F,Jacki Weaver
F,Bérénice Bejo
F,Hailee Steinfeld
F,Jennifer Jason Leigh
F,Kathleen Quinlan
F,Taraji P. Henson
F,Amy Ryan
F,Ruby Dee
F,Jill Clayburgh
F,Adriana Barraza
F,Rinko Kikuchi
F,Catherine Keener
F,Charlotte Rampling
F,Sophie Okonedo
F,Patricia Clarkson
F,Shohreh Aghdashloo
F,Lindsay Lohan
F,Michelle Trachtenberg
F,Chloë Sevigny
F,Lynn Redgrave
F,Rachel Griffiths
F,Margot Robbie
F,Lili Taylor
F,Robin Weigert
F,Lake Bell
M,Claude Rains
M,Steve Buscemi
M,John Rhys-Davies
M,Jean-Louis Trintignant
M,Joseph Cotten
M,Barry Pepper
M,Erich von Stroheim
M,Patrick Wilson
M,Christopher Lloyd
M,Ben Foster
M,Joel McCrea
M,Min-sik Choi
M,Ewan McGregor
M,Gael García Bernal
M,Bruno Ganz
M,Sean Astin
M,Irrfan Khan
M,Michael C. Hall
M,Roy Scheider
M,Casey Affleck
M,Gary Busey
M,Norman Reedus
M,Jeff Daniels
M,Stanley Tucci
M,Kiefer Sutherland
F,Léa Seydoux
F,Dakota Johnson
F,Julie Delpy
F,Linda Hamilton
F,Carrie Fisher
F,Pam Grier
?,Björk
F,Emily Browning
F,Juliette Lewis
F,Sarah Jessica Parker
F,Piper Laurie
?,Miley Cyrus
F,Lily Tomlin
F,Anna Friel
F,Gloria Stuart
F,Talia Shire
F,Gal Gadot
F,Sue Lyon
?,Olivia Newton-John
F,Minnie Driver
F,Teri Garr
F,Keri Russell
F,Jean Seberg
F,Sarah Polley
F,Kate Capshaw
M,Josh Brolin
M,Hal Holbrook
M,Djimon Hounsou
M,Matt Dillon
M,Alan Alda
M,Thomas Haden Church
M,Clive Owen
M,Ken Watanabe
M,Suraj Sharma
M,John C. Reilly
M,Michael Clarke Duncan
M,Haley Joel Osment
M,Greg Kinnear
M,Burt Reynolds
M,Robert Forster
M,Jason Schwartzman
M,William H. Macy
M,Armin Mueller-Stahl
M,Tim Roth
M,James Cromwell
M,Chazz Palminteri
M,Gary Sinise
M,Paul Scofield
M,Pete Postlethwaite
M,Mads Mikkelsen
F,Jada Pinkett Smith
F,Tatum O'Neal
F,Anna Faris
F,Ashley Greene
F,Famke Janssen
F,Rosamund Pike
F,Bonnie Hunt
F,Leslie Mann
F,Mindy Kaling
F,Analeigh Tipton
F,Thandie Newton
F,Amanda Peet
F,Julia Stiles
F,Maria Bello
F,Eva Mendes
F,Emily Blunt
F,Rose Byrne
F,Ashley Judd
F,Emilia Clarke
F,Christina Applegate
F,Nia Long
F,Felicity Jones
F,Téa Leoni
F,Alexandra Daddario
F,Jena Malone
M,Richard Gere
M,Nick Frost
M,Ray Liotta
M,Chris Rock
M,Jon Hamm
M,Neil Patrick Harris
M,Charlie Sheen
M,Mark Rylance
M,Andy Garcia
M,Michael Lerner
M,Graham Greene
M,Bruce Davison
?,Dan Aykroyd
M,Danny Aiello
M,River Phoenix
M,Dean Stockwell
M,Billy Crystal
M,John Goodman
M,Orlando Bloom
M,Stellan Skarsgård
M,Alexander Skarsgård
M,Mike Myers
M,Tyrese Gibson
M,Elijah Wood
M,Danny DeVito
F,Lucy Liu
F,Rebecca Romijn
F,Michelle Rodriguez
F,Sarah Michelle Gellar
?,Beyoncé
F,Rebecca Hall
F,Piper Perabo
F,Courteney Cox
F,Parker Posey
F,Paula Patton
F,Michelle Monaghan
F,Claire Danes
F,Ali Larter
F,Kate Bosworth
F,Evan Rachel Wood
F,Mira Sorvino
F,Ziyi Zhang
F,Amanda Crew
F,Amanda Bynes
F,Lisa Kudrow
F,Neve Campbell
?,Ellen DeGeneres
F,Sofía Vergara
F,Mandy Moore
F,Virginia Madsen
M,James Marsden
M,Tim Allen
M,Giovanni Ribisi
M,Rutger Hauer
?,Vince Vaughn
M,Brian Cox
M,Dennis Quaid
M,John Leguizamo
M,Michael Keaton
M,Billy Burke
M,Brendan Gleeson
M,Clark Gregg
M,Jonathan Pryce
M,Tobey Maguire
M,Michael Sheen
M,Justin Long
M,Kellan Lutz
M,Jack Black
M,Pierce Brosnan
M,Sean Bean
M,Cedric the Entertainer
M,Mahershala Ali
M,Josh Duhamel
?,Jon Favreau
M,Danny Glover
F,Freida Pinto
F,Hilary Duff
F,Mary Elizabeth Winstead
F,Jennifer Coolidge
F,Andrea Riseborough
F,Molly Ringwald
F,January Jones
F,Maya Rudolph
F,Sophie Marceau
F,Olga Kurylenko
F,Franka Potente
F,Rashida Jones
F,Alicia Silverstone
F,Rosie Huntington-Whiteley
F,Lillian Gish
F,Evangeline Lilly
F,Mireille Enos
F,Jennifer Love Hewitt
F,Emmy Rossum
F,Joey King
F,Ginnifer Goodwin
F,Christine Taylor
F,Vanessa Hudgens
F,Abbie Cornish
F,Michelle Yeoh
M,Ian Holm
M,Nathan Lane
M,Cary Elwes
M,Martin Lawrence
M,Steve Coogan
M,Sacha Baron Cohen
M,Jeffrey Wright
M,Jackie Chan
M,Aaron Eckhart
M,Sam Worthington
M,Jack Davenport
M,Alfred Molina
M,Justin Bartha
M,Mark Hamill
M,Brendan Fraser
?,Ice Cube
M,Liev Schreiber
M,Ed Helms
M,Val Kilmer
M,Russell Brand
M,Craig T. Nelson
M,Bernie Mac
M,Patrick Stewart
M,Seth Green
M,Ashton Kutcher
M,Randy Quaid
M,Wesley Snipes
M,David Oyelowo
M,Mark Strong
M,Rob Schneider
M,Jay Baruchel
M,Hayden Christensen
M,Ray Stevenson
M,Paul Bettany
M,Hugh Laurie
M,Chris Tucker
M,Nick Swardson
M,Josh Lucas
M,Chris O'Donnell
M,Benjamin Bratt
M,Common
?,Johnny Knoxville
M,Marlon Wayans
M,Jai Courtney
M,Albert Brooks
M,Macaulay Culkin
M,Sam Elliott
M,Jim Caviezel
M,Paul Scofield
M,Jared Harris
M,Harpo Marx
M,Jason Sudeikis
M,Josh Hartnett
M,Patrick Wilson
M,Cillian Murphy
M,Billy Crudup
M,Christopher Mintz-Plasse
M,Anthony Mackie
M,Timothy Olyphant
M,Josh Gad
M,Luke Wilson
M,Peter Sarsgaard
M,Rhys Ifans
M,Topher Grace
M,Kevin Hart
M,Paul Dano
M,Lenny Kravitz
M,Bill Hader
M,Rob Lowe
M,David Spade
M,Rob Riggle
M,Lance Henriksen
M,Richard Jenkins
M,Mike Vogel
M,Michael Ealy
M,Freddie Prinze Jr.
M,Jamie Bell
M,Danny McBride
M,Jonathan Rhys Meyers
M,Michael Cera
M,Bill Paxton
M,Chris Klein
M,Ioan Gruffudd
M,Andrew Lincoln
M,Bill Pullman
M,Craig Robinson
M,Charlie Day
M,Andy Samberg
M,Garrett Hedlund
M,Cam Gigandet
M,John Krasinski
M,Kevin James
M,Breckin Meyer
M,Christopher Reeve
M,James McAvoy
M,Rufus Sewell
M,Ned Beatty
M,John Cleese
M,John Turturro
M,Jerry Lewis
